timestamp,orm,op,size,table,reps,duration_ms,rows_affected,energy_j
"2025-10-21T19:41:33.8406549Z","dapper","getall","small","SmallTable",1000,1673,0,24.338072999998985
"2025-10-21T19:41:55.0551574Z","dapper","getall","medium","Medium",1000,6581,0,106.63900999999896
"2025-10-21T19:42:52.5909555Z","dapper","getall","large","Large",1000,42813,0,678.8572710000008
"2025-10-21T19:43:08.3716093Z","dapper","getbyid","small","SmallTable",1000,513,0,6.029037000000244
"2025-10-21T19:43:23.8106490Z","dapper","getbyid","medium","Medium",1000,528,0,5.905807999999524
"2025-10-21T19:43:39.3450895Z","dapper","getbyid","large","Large",1000,557,0,6.269698000000062
"2025-10-21T19:43:56.9831354Z","efcore","getall","small","SmallTable",1000,3020,300000,40.21309299999848
"2025-10-21T19:44:19.4795978Z","efcore","getall","medium","Medium",1000,7964,3000000,124.37608499999988
"2025-10-21T19:45:23.8084685Z","efcore","getall","large","Large",1000,49713,20000000,753.4859859999997
"2025-10-21T19:45:40.4869206Z","efcore","getbyid","small","SmallTable",1000,2106,0,22.043706000000384
"2025-10-21T19:45:57.2006701Z","efcore","getbyid","medium","Medium",1000,2157,0,22.773867999996583
"2025-10-21T19:46:14.0085913Z","efcore","getbyid","large","Large",1000,2082,0,22.281741999999213
"2025-10-21T20:13:11.9465445Z","dapper","update","small","SmallTable",1000,4211,1000,16.784136999998736
"2025-10-21T20:13:30.8603965Z","dapper","update","medium","Medium",1000,4085,1000,18.359878000002936
"2025-10-21T20:13:49.3509100Z","dapper","update","large","Large",1000,3674,1000,14.21706599999743
"2025-10-21T20:48:37.5041484Z","efcore","update","small","SmallTable",1000,2681,1000,27.879627999995137
"2025-10-21T20:48:56.0558170Z","efcore","update","medium","Medium",1000,2911,1000,29.55363500000385
"2025-10-21T20:49:14.3897384Z","efcore","update","large","Large",1000,2902,1000,31.24143599999661
"2025-10-21T20:54:34.8782094Z","dapper","create","small","SmallTable",1000,4562,1000,16.024067999998806
"2025-10-21T20:54:52.6335120Z","dapper","create","medium","Medium",1000,2906,1000,14.675010999999358
"2025-10-21T20:55:11.3655646Z","dapper","create","large","Large",1000,4001,1000,15.14345499999763
"2025-10-21T20:56:17.5510229Z","dapper","delete","small","SmallTable",1000,4118,1000,15.036888000002364
"2025-10-21T20:56:36.4294805Z","dapper","delete","medium","Medium",1000,4126,1000,14.748130999993009
"2025-10-21T20:56:54.2604882Z","dapper","delete","large","Large",1000,3207,1000,14.847800999996252
"2025-10-21T21:00:23.7838785Z","efcore","create","small","SmallTable",1000,4983,1000,36.551602999999886
"2025-10-21T21:00:47.1101321Z","efcore","create","medium","Medium",1000,8560,1000,43.478525999998965
"2025-10-21T21:01:07.1049286Z","efcore","create","large","Large",1000,5180,1000,43.98755800000072
"2025-10-21T21:01:56.8024009Z","efcore","delete","small","SmallTable",1000,2547,1000,26.47624999999971
"2025-10-21T21:02:14.5706064Z","efcore","delete","medium","Medium",1000,2488,1000,25.51287400000001
"2025-10-21T21:02:32.3860745Z","efcore","delete","large","Large",1000,2557,1000,27.34520600000542
"2025-10-21T21:54:07.6789532Z","nhib","getall","small","SmallTable",1000,2479,300000,31.96067200000107
"2025-10-21T21:54:30.7996343Z","nhib","getall","medium","Medium",1000,8121,3000000,118.57757799999672
"2025-10-21T21:55:37.7431639Z","nhib","getall","large","Large",1000,51840,20000000,683.2791350000043
"2025-10-21T21:55:55.6138014Z","nhib","getbyid","small","SmallTable",1000,2896,0,28.69084500000463
"2025-10-21T21:56:14.1293382Z","nhib","getbyid","medium","Medium",1000,3531,0,37.25850999999966
"2025-10-21T21:56:32.9361806Z","nhib","getbyid","large","Large",1000,3714,0,38.89919300000474
"2025-10-21T21:59:04.2360345Z","nhib","update","small","SmallTable",1000,421,1000,4.0099389999959385
"2025-10-21T21:59:20.3419162Z","nhib","update","medium","Medium",1000,997,1000,10.147374000000127
"2025-10-21T21:59:36.4583537Z","nhib","update","large","Large",1000,972,1000,9.617406999997911
"2025-10-21T22:07:45.4381462Z","nhib","create","small","SmallTable",1000,338,1000,3.5131750000000466
"2025-10-21T22:08:01.5059221Z","nhib","create","medium","Medium",1000,364,1000,3.6428130000058445
"2025-10-21T22:08:17.3226880Z","nhib","create","large","Large",1000,299,1000,2.697807999997167
"2025-10-21T22:10:31.8313257Z","nhib","delete","small","SmallTable",1000,884,0,8.319620000002033
"2025-10-21T22:10:47.7102839Z","nhib","delete","medium","Medium",1000,858,0,7.989602999994531
"2025-10-21T22:11:03.7075592Z","nhib","delete","large","Large",1000,873,0,8.028605000006792
"2025-10-28T19:06:38.1444836Z","dapper","getall","small","SmallTable",1000,1722,0,26.216852000000472
"2025-10-28T19:07:07.1909232Z","dapper","getall","medium","Medium",1000,6419,0,102.33756799999992
"2025-10-28T19:08:11.7366275Z","dapper","getall","large","Large",1000,41910,0,662.695264
"2025-10-28T19:08:37.1126940Z","efcore","getall","small","SmallTable",1000,3107,300000,44.1056609999996
"2025-10-28T19:09:07.5982357Z","efcore","getall","medium","Medium",1000,8117,3000000,125.05571099999997
"2025-10-28T19:10:20.1547092Z","efcore","getall","large","Large",1000,50194,20000000,760.6718810000002
"2025-10-28T19:10:45.5125859Z","nhib","getall","small","SmallTable",1000,2424,300000,37.520227999999406
"2025-10-28T19:11:16.6026895Z","nhib","getall","medium","Medium",1000,8057,3000000,124.9418799999994
"2025-10-28T19:12:28.7373211Z","nhib","getall","large","Large",1000,49107,20000000,764.5659750000004
"2025-10-28T19:15:18.5252848Z","dapper","getbyid","small","SmallTable",1000,523,0,6.9249090000012075
"2025-10-28T19:15:41.6931078Z","dapper","getbyid","medium","Medium",1000,508,0,6.829388999998628
"2025-10-28T19:16:04.8516335Z","dapper","getbyid","large","Large",1000,501,0,6.579816999999821
"2025-10-28T19:19:15.5744516Z","efcore","getbyid","small","SmallTable",1000,2037,0,25.532038999999713
"2025-10-28T19:19:40.0310680Z","efcore","getbyid","medium","Medium",1000,2075,0,25.97368800000004
"2025-10-28T19:20:04.4620980Z","efcore","getbyid","large","Large",1000,2044,0,25.801265000000058
"2025-10-28T19:20:30.1129615Z","nhib","getbyid","small","SmallTable",1000,2604,0,35.4762269999992
"2025-10-28T19:20:56.4830545Z","nhib","getbyid","medium","Medium",1000,3329,0,47.41906800000106
"2025-10-28T19:21:22.7739788Z","nhib","getbyid","large","Large",1000,3236,0,46.77649200000087
"2025-10-28T19:23:50.5706772Z","efcore","update","small","SmallTable",1000,2580,1000,34.95144899999832
"2025-10-28T19:24:16.3773344Z","efcore","update","medium","Medium",1000,2643,1000,35.97537199999897
"2025-10-28T19:24:42.1704529Z","efcore","update","large","Large",1000,2613,1000,34.895479999999225
"2025-10-28T19:26:22.4959619Z","dapper","update","small","SmallTable",1000,5670,1000,27.181386999998722
"2025-10-28T19:26:47.6945181Z","dapper","update","medium","Medium",1000,2554,1000,21.726384000001417
"2025-10-28T19:27:12.8838649Z","dapper","update","large","Large",1000,2538,1000,21.797550999999658
"2025-10-28T19:27:36.3217534Z","nhib","update","small","SmallTable",1000,403,1000,5.16557499999908
"2025-10-28T19:28:00.3445009Z","nhib","update","medium","Medium",1000,936,1000,12.351043000000573
"2025-10-28T19:28:24.3452521Z","nhib","update","large","Large",1000,947,1000,11.873992999999246
"2025-10-28T19:35:16.0050911Z","dapper","create","small","SmallTable",1000,2590,1000,21.81091800000104
"2025-10-28T19:35:41.2294930Z","dapper","create","medium","Medium",1000,2595,1000,22.127628999998706
"2025-10-28T19:36:06.4631713Z","dapper","create","large","Large",1000,2575,1000,21.841496999999436
"2025-10-28T19:36:31.6196811Z","dapper","delete","small","SmallTable",1000,2522,1000,21.00318099999822
"2025-10-28T19:36:56.7399103Z","dapper","delete","medium","Medium",1000,2486,1000,20.589669000000868
"2025-10-28T19:37:21.9347115Z","dapper","delete","large","Large",1000,2525,1000,20.91584000000148
"2025-10-28T19:41:30.9685153Z","efcore","create","small","SmallTable",1000,4459,1000,50.512565999999424
"2025-10-28T19:41:58.2049028Z","efcore","create","medium","Medium",1000,4462,1000,50.88536800000111
"2025-10-28T19:42:25.4138327Z","efcore","create","large","Large",1000,4418,1000,49.88262300000133
"2025-10-28T19:42:51.0459198Z","efcore","delete","small","SmallTable",1000,2448,1000,33.29080799999974
"2025-10-28T19:43:16.6458408Z","efcore","delete","medium","Medium",1000,2431,1000,32.328590999999506
"2025-10-28T19:43:42.2814903Z","efcore","delete","large","Large",1000,2467,1000,33.57535300000018
"2025-10-28T19:46:52.3119613Z","nhib","create","small","SmallTable",1000,249,1000,3.1653369999985443
"2025-10-28T19:47:15.6430375Z","nhib","create","medium","Medium",1000,246,1000,2.976920999999493
"2025-10-28T19:47:38.9457668Z","nhib","create","large","Large",1000,249,1000,3.148369000000457
"2025-10-28T19:48:02.7901915Z","nhib","delete","small","SmallTable",1000,813,0,10.808992999998736
"2025-10-28T19:48:26.6563692Z","nhib","delete","medium","Medium",1000,822,0,10.655307000000903
"2025-10-28T19:48:50.5668677Z","nhib","delete","large","Large",1000,824,0,10.868562999999995
